{
  "version": 1,
  "author": "Krishn Singh",
  "editor": "wokwi",
  "parts": [
    { "type": "board-esp32-devkit-c-v4", "id": "esp", "top": -9.6, "left": -52.76, "attrs": {} },
    { "type": "wokwi-led", "id": "led1", "top": 6, "left": 128.6, "attrs": { "color": "red" } },
    {
      "type": "wokwi-led",
      "id": "led2",
      "top": 54,
      "left": 128.6,
      "attrs": { "color": "orange" }
    },
    {
      "type": "wokwi-led",
      "id": "led3",
      "top": 102,
      "left": 128.6,
      "attrs": { "color": "green" }
    },
    {
      "type": "wokwi-pushbutton",
      "id": "btn1",
      "top": 159.8,
      "left": 105.6,
      "attrs": { "color": "green", "xray": "1" }
    },
    {
      "type": "wokwi-resistor",
      "id": "r1",
      "top": 42.35,
      "left": 86.4,
      "attrs": { "value": "220" }
    },
    {
      "type": "wokwi-resistor",
      "id": "r2",
      "top": 90.35,
      "left": 86.4,
      "attrs": { "value": "220" }
    },
    {
      "type": "wokwi-resistor",
      "id": "r3",
      "top": 138.35,
      "left": 86.4,
      "attrs": { "value": "220" }
    }
  ],
  "connections": [
    [ "esp:TX", "$serialMonitor:RX", "", [] ],
    [ "esp:RX", "$serialMonitor:TX", "", [] ],
    [ "esp:13", "led2:A", "green", [ "h-19.05", "v67.2", "h288", "v-9.6" ] ],
    [ "esp:12", "led1:A", "green", [ "v0", "h-28.65", "v96", "h288", "v-182.4" ] ],
    [ "esp:14", "led3:A", "green", [ "h-38.25", "v124.8", "h288", "v-9.6" ] ],
    [ "esp:15", "btn1:1.l", "green", [ "v0" ] ],
    [ "esp:GND.2", "btn1:2.r", "black", [ "v0", "h9.6", "v192", "h115.2" ] ],
    [ "esp:GND.2", "r1:1", "black", [ "v0", "h38.4" ] ],
    [ "esp:GND.2", "r2:1", "black", [ "v0", "h28.8", "v76.8" ] ],
    [ "esp:GND.2", "r3:1", "black", [ "v0", "h19.2", "v124.8" ] ],
    [ "r1:2", "led1:C", "green", [ "v0" ] ],
    [ "r2:2", "led2:C", "green", [ "v0" ] ],
    [ "r3:2", "led3:C", "green", [ "v0" ] ]
  ],
  "dependencies": {}
}